{
	"format_version": "1.8.0",
	"animations": {
		"skyvenger_idle": {
			"loop": true,
			"animation_length": 2.4,
			"bones": {
				"Body_1": {
					"rotation": {
						"0.0": {
							"vector": [0, 5, 0]
						},
						"1.24": {
							"vector": [0, -5, 0]
						},
						"2.4": {
							"vector": [0, 5, 0]
						}
					}
				},
				"Flipper_1": {
					"rotation": {
						"0.0": {
							"vector": [1.69301, -0.37643, -19.93098]
						},
						"0.92": {
							"vector": [2.79661, -0.69918, 7.53507]
						},
						"2.4": {
							"vector": [1.69301, -0.37643, -19.93098]
						}
					}
				},
				"Flipper_2": {
					"rotation": {
						"0.0": {
							"vector": [-1.92565, -0.29776, 24.92156]
						},
						"0.92": {
							"vector": [-3.33038, -0.67569, -10.03721]
						},
						"2.4": {
							"vector": [-1.92565, -0.29776, 24.92156]
						}
					}
				},
				"Tail_1": {
					"rotation": {
						"0.0": {
							"vector": [0, 5, 0]
						},
						"1.32": {
							"vector": [0, -5, 0]
						},
						"2.28": {
							"vector": [0, 5, 0]
						}
					}
				},
				"Fin_Left_1": {
					"rotation": {
						"0.0": {
							"vector": [-1.65675, 0.80722, 10.4721]
						},
						"0.92": {
							"vector": [-3.56132, 1.48302, -13.76328]
						},
						"2.4": {
							"vector": [-1.65675, 0.80722, 10.4721]
						}
					}
				},
				"Fin_Right_1": {
					"rotation": {
						"0.0": {
							"vector": [1.67599, 0.79009, -9.19674]
						},
						"0.92": {
							"vector": [3.42882, 1.3789, 13.94032]
						},
						"2.4": {
							"vector": [1.67599, 0.79009, -9.19674]
						}
					}
				},
				"Tail_2": {
					"rotation": {
						"0.0": {
							"vector": [0, 15, 0]
						},
						"1.48": {
							"vector": [0, -15, 0]
						},
						"2.36": {
							"vector": [0, 15, 0]
						}
					}
				},
				"Tail_3": {
					"rotation": {
						"0.0": {
							"vector": [0, 12.5, 0]
						},
						"1.52": {
							"vector": [0, -12.5, 0]
						},
						"2.4": {
							"vector": [0, 12.5, 0]
						}
					}
				},
				"Neck_1": {
					"rotation": {
						"0.0": {
							"vector": [0, -2.5, 0]
						},
						"1.36": {
							"vector": [0, 2.5, 0]
						},
						"2.4": {
							"vector": [0, -2.5, 0]
						}
					}
				},
				"Head_Main_1": {
					"rotation": {
						"vector": [0, 0, 0]
					}
				},
				"Head_1": {
					"rotation": {
						"vector": [0, 0, 0]
					}
				},
				"Jaw_1": {
					"rotation": {
						"vector": [0, 0, 0]
					}
				},
				"Jaw_Down_1": {
					"rotation": {
						"0.0": {
							"vector": [-2.49048, -0.00473, -0.21782]
						},
						"0.6": {
							"vector": [15.00935, 0.05352, -0.16066]
						},
						"1.4": {
							"vector": [5.0256, 0.07429, 0.39844]
						},
						"2.4": {
							"vector": [-2.49048, -0.00473, -0.21782]
						}
					}
				},
				"Jaw_Up_1": {
					"rotation": {
						"vector": [0, 0, 0]
					}
				}
			}
		},
		"skyvenger_fly": {
			"loop": true,
			"animation_length": 1,
			"bones": {
				"Body_1": {
					"rotation": {
						"0.0": {
							"vector": [0, 7.5, 0]
						},
						"0.44": {
							"vector": [0, -7.5, 0]
						},
						"1.0": {
							"vector": [0, 7.5, 0],
							"easing": "easeOutSine"
						}
					}
				},
				"Flipper_1": {
					"rotation": {
						"0.0": {
							"vector": [5.42144, -0.13379, -42.17481]
						},
						"0.56": {
							"vector": [7.56349, -0.33249, 7.77315]
						},
						"1.0": {
							"vector": [5.42144, -0.13379, -42.17481]
						}
					}
				},
				"Flipper_2": {
					"rotation": {
						"0.0": {
							"vector": [-7.15939, 0.75589, 57.03849]
						},
						"0.56": {
							"vector": [-10.16838, 0.6664, -15.44492]
						},
						"1.0": {
							"vector": [-7.15939, 0.75589, 57.03849]
						}
					}
				},
				"Tail_1": {
					"rotation": {
						"0.0": {
							"vector": [0, 10, 0]
						},
						"0.52": {
							"vector": [0, -10, 0]
						},
						"1.0": {
							"vector": [0, 10, 0],
							"easing": "easeOutSine"
						}
					}
				},
				"Fin_Left_1": {
					"rotation": {
						"0.0": {
							"vector": [-4.16573, 2.27871, 15.83132]
						},
						"0.48": {
							"vector": [-11.69267, 0.5402, -39.30532],
							"easing": "easeInOutSine"
						},
						"1.0": {
							"vector": [-4.16573, 2.27871, 15.83132],
							"easing": "easeInSine"
						}
					}
				},
				"Fin_Right_1": {
					"rotation": {
						"0.0": {
							"vector": [5.62422, 3.07684, -16.79839]
						},
						"0.48": {
							"vector": [10.4849, 0.17837, 42.89471],
							"easing": "easeInOutSine"
						},
						"1.0": {
							"vector": [5.62422, 3.07684, -16.79839],
							"easing": "easeInQuad"
						}
					}
				},
				"Tail_2": {
					"rotation": {
						"0.0": {
							"vector": [0, 17.5, 0]
						},
						"0.6": {
							"vector": [0, -17.5, 0]
						},
						"1.0": {
							"vector": [0, 17.5, 0],
							"easing": "easeOutSine"
						}
					}
				},
				"Tail_3": {
					"rotation": {
						"0.0": {
							"vector": [0, 22.5, 0]
						},
						"0.68": {
							"vector": [0, -22.5, 0]
						},
						"1.0": {
							"vector": [0, 22.5, 0]
						}
					}
				},
				"Neck_1": {
					"rotation": {
						"0.0": {
							"vector": [0, -7.5, 0]
						},
						"0.44": {
							"vector": [0, 7.5, 0],
							"easing": "easeInQuad"
						},
						"1.0": {
							"vector": [0, -7.5, 0]
						}
					}
				},
				"Head_Main_1": {
					"rotation": {
						"vector": [0, 0, 0]
					}
				},
				"Head_1": {
					"rotation": {
						"vector": [0, 0, 0]
					}
				},
				"Jaw_1": {
					"rotation": {
						"vector": [0, 0, 0]
					},
					"position": {
						"vector": [0, 0, 0]
					}
				},
				"Jaw_Down_1": {
					"rotation": {
						"0.0": {
							"vector": [35, 0, 0]
						},
						"0.28": {
							"vector": [27.51384, 0.02962, 0.45279]
						},
						"0.72": {
							"vector": [49.97673, -0.38165, 1.61812]
						},
						"1.0": {
							"vector": [35, 0, 0]
						}
					}
				},
				"Jaw_Up_1": {
					"rotation": {
						"0.0": {
							"vector": [12.5, 0, 0]
						},
						"0.64": {
							"vector": [10.00262, -0.00249, -0.11439]
						},
						"1.0": {
							"vector": [12.5, 0, 0]
						}
					}
				}
			}
		},
		"skyvenger_attack_1": {
			"animation_length": 1.12,
			"bones": {
				"Body_1": {
					"rotation": {
						"0.0": {
							"vector": [0, 0, 0]
						},
						"1.12": {
							"vector": [0, 0, 0]
						}
					}
				},
				"Flipper_1": {
					"rotation": {
						"0.0": {
							"vector": [0, 0, 0]
						},
						"1.12": {
							"vector": [0, 0, 0]
						}
					}
				},
				"Flipper_2": {
					"rotation": {
						"0.0": {
							"vector": [0, 0, 0]
						},
						"1.12": {
							"vector": [0, 0, 0]
						}
					}
				},
				"Tail_1": {
					"rotation": {
						"0.0": {
							"vector": [0, 0, 0]
						},
						"1.12": {
							"vector": [0, 0, 0]
						}
					}
				},
				"Fin_Left_1": {
					"rotation": {
						"0.0": {
							"vector": [0, 0, 0]
						},
						"1.12": {
							"vector": [0, 0, 0]
						}
					}
				},
				"Fin_Right_1": {
					"rotation": {
						"0.0": {
							"vector": [0, 0, 0]
						},
						"1.12": {
							"vector": [0, 0, 0]
						}
					}
				},
				"Tail_2": {
					"rotation": {
						"0.0": {
							"vector": [0, 0, 0]
						},
						"1.12": {
							"vector": [0, 0, 0]
						}
					}
				},
				"Tail_3": {
					"rotation": {
						"0.0": {
							"vector": [0, 0, 0]
						},
						"1.12": {
							"vector": [0, 0, 0]
						}
					}
				},
				"Neck_1": {
					"rotation": {
						"0.0": {
							"vector": [0, 0, 0]
						},
						"0.12": {
							"vector": [-5.019, -4.98093, 0.43688]
						},
						"0.28": {
							"vector": [-10.03742, -4.92385, -4.12962]
						},
						"0.4": {
							"vector": [-10.03742, -4.92385, -11.62962]
						},
						"0.48": {
							"vector": [-7.58148, -4.41554, -11.82959]
						},
						"0.56": {
							"vector": [-14.96078, -5.91249, -11.16443]
						},
						"0.64": {
							"vector": [5.10998, 11.56793, -10.70815]
						},